﻿{"cameraMode":{"drawMode":0,"name":"Shaded","section":"Shading Mode"},"sceneLighting":false,"audioPlay":false,"sceneViewState":{"showFog":true,"showMaterialUpdate":true,"showSkybox":true,"showFlares":true,"showImageEffects":true,"showParticleSystems":true},"in2DMode":false,"pivot":{"x":-8.838512420654297,"y":0.503402590751648,"z":0.0032143890857696535},"rotation":{"x":-0.26309922337532046,"y":0.03327932581305504,"z":-0.009081417694687844,"w":-0.964151918888092},"size":4.999998092651367,"orthographic":true}