﻿{"cameraMode":{"drawMode":0,"name":"Shaded","section":"Shading Mode"},"sceneLighting":false,"audioPlay":false,"sceneViewState":{"showFog":true,"showMaterialUpdate":true,"showSkybox":true,"showFlares":true,"showImageEffects":true,"showParticleSystems":true},"in2DMode":false,"pivot":{"x":-0.19672346115112306,"y":1.4469060897827149,"z":10.135055541992188},"rotation":{"x":-0.10066570341587067,"y":0.4039175808429718,"z":-0.04477207735180855,"w":-0.9081368446350098},"size":55.32537841796875,"orthographic":true}